{
    "$schema": "https://schema.management.azure.com/schemas/2015-01-01/deploymentParameters.json#",
    "contentVersion": "1.0.0.0",
    "parameters": {
        "vulnerabilityAssessments_Default_storageContainerPath": {
            "value": null
        },
        "sites_mi_playground_app_name": {
            "value": null
        },
        "servers_mi_playground_sql_name": {
            "value": null
        },
        "serverfarms_mi_playground_app_name": {
            "value": null
        }
    }
}